-- phpMyAdmin SQL Dump
-- version 5.2.1
-- https://www.phpmyadmin.net/
--
-- Host: 127.0.0.1
-- Generation Time: May 20, 2024 at 08:27 PM
-- Server version: 10.4.32-MariaDB
-- PHP Version: 8.2.12

SET SQL_MODE = "NO_AUTO_VALUE_ON_ZERO";
START TRANSACTION;
SET time_zone = "+00:00";


/*!40101 SET @OLD_CHARACTER_SET_CLIENT=@@CHARACTER_SET_CLIENT */;
/*!40101 SET @OLD_CHARACTER_SET_RESULTS=@@CHARACTER_SET_RESULTS */;
/*!40101 SET @OLD_COLLATION_CONNECTION=@@COLLATION_CONNECTION */;
/*!40101 SET NAMES utf8mb4 */;

--
-- Database: `lucky_bet`
--

DELIMITER $$
--
-- Procedures
--
CREATE DEFINER=`root`@`localhost` PROCEDURE `InsertBettingRecords` ()   BEGIN
    DECLARE i INT DEFAULT 1;

    WHILE i <= 30 DO
        INSERT INTO `betting` (`user_id`, `luck_number`, `amount_placed`, `time`, `status`)
        VALUES (
            FLOOR(RAND() * (19 - 11 + 1)) + 11,   -- Random user_id between 11 and 19
            FLOOR(RAND() * 10),                  -- Random luck_number between 0 and 9
            FLOOR(RAND() * (20 - 10 + 1)) + 10,  -- Random amount_placed between 10 and 20
            NOW(),                               -- Current time
            'pending'
        );
        
        SET i = i + 1;
    END WHILE;
END$$

DELIMITER ;

-- --------------------------------------------------------

--
-- Table structure for table `accounts`
--

CREATE TABLE `accounts` (
  `account_id` int(11) NOT NULL,
  `user_id` int(11) NOT NULL,
  `amount` decimal(10,2) NOT NULL,
  `deposit_id` int(11) NOT NULL,
  `date_of_deposit` date NOT NULL
) ENGINE=InnoDB DEFAULT CHARSET=utf8mb4 COLLATE=utf8mb4_general_ci;

--
-- Dumping data for table `accounts`
--

INSERT INTO `accounts` (`account_id`, `user_id`, `amount`, `deposit_id`, `date_of_deposit`) VALUES
(2009, 11, 1516.10, 0, '2024-05-04'),
(2010, 12, 2106.50, 0, '2024-05-04'),
(2011, 13, 2209.60, 0, '2024-05-04'),
(2012, 14, 1862.60, 0, '2024-05-04'),
(2013, 15, 1642.60, 0, '2024-05-04'),
(2014, 16, 1376.30, 0, '2024-05-04'),
(2015, 17, 2504.70, 0, '2024-05-04'),
(2016, 18, 2158.70, 0, '2024-05-04'),
(2017, 19, 2530.20, 0, '2024-05-04'),
(2018, 20, 100.00, 0, '2024-05-04'),
(2019, 21, 201.00, 0, '2024-05-04'),
(2035, 36, -16.00, 0, '2024-05-08'),
(2036, 37, 227.00, 0, '2024-05-11'),
(2037, 38, 179.00, 0, '2024-05-11'),
(2038, 39, 289.00, 0, '2024-05-11'),
(2039, 40, 94.00, 0, '2024-05-11'),
(2040, 41, 0.00, 0, '2024-05-11');

-- --------------------------------------------------------

--
-- Table structure for table `betting`
--

CREATE TABLE `betting` (
  `betting_id` varchar(10) NOT NULL,
  `user_id` int(11) NOT NULL,
  `luck_number` int(11) DEFAULT NULL,
  `amount_placed` decimal(10,2) NOT NULL,
  `time` timestamp NOT NULL DEFAULT current_timestamp(),
  `status` enum('Pending','Process') NOT NULL,
  `winloss` varchar(20) NOT NULL DEFAULT 'notproccess',
  `draw_id` varchar(50) NOT NULL
) ENGINE=InnoDB DEFAULT CHARSET=utf8mb4 COLLATE=utf8mb4_general_ci;

--
-- Dumping data for table `betting`
--

INSERT INTO `betting` (`betting_id`, `user_id`, `luck_number`, `amount_placed`, `time`, `status`, `winloss`, `draw_id`) VALUES
('b00001', 19, 9, 18.00, '2024-05-12 20:47:36', 'Process', 'Silver', 'DR00015'),
('b00002', 19, 8, 15.00, '2024-05-12 20:47:36', 'Process', 'Goldwin', 'DR00015'),
('b00003', 16, 4, 19.00, '2024-05-12 20:47:36', 'Process', 'Goldwin', 'DR00015'),
('b00004', 14, 9, 19.00, '2024-05-12 20:47:36', 'Process', 'Silver', 'DR00015'),
('b00005', 16, 7, 18.00, '2024-05-12 20:47:36', 'Process', 'Silver', 'DR00015'),
('b00006', 14, 7, 19.00, '2024-05-12 20:47:36', 'Process', 'Silver', 'DR00015'),
('b00007', 12, 3, 12.00, '2024-05-12 20:47:36', 'Process', 'Silver', 'DR00015'),
('b00008', 13, 1, 11.00, '2024-05-12 20:47:36', 'Process', 'Goldwin', 'DR00015'),
('b00009', 15, 4, 13.00, '2024-05-12 20:47:36', 'Process', 'Goldwin', 'DR00015'),
('b00010', 17, 7, 14.00, '2024-05-12 20:47:36', 'Process', 'Silver', 'DR00015'),
('b00011', 17, 4, 10.00, '2024-05-12 20:47:36', 'Process', 'Goldwin', 'DR00015'),
('b00012', 12, 5, 11.00, '2024-05-12 20:47:36', 'Process', 'Goldwin', 'DR00015'),
('b00013', 12, 2, 17.00, '2024-05-12 20:47:36', 'Process', 'Silver', 'DR00015'),
('b00014', 19, 9, 10.00, '2024-05-12 20:47:36', 'Process', 'Silver', 'DR00015'),
('b00015', 18, 5, 10.00, '2024-05-12 20:47:36', 'Process', 'Goldwin', 'DR00015'),
('b00016', 17, 2, 13.00, '2024-05-12 20:47:36', 'Process', 'Silver', 'DR00015'),
('b00017', 16, 0, 15.00, '2024-05-12 20:47:36', 'Process', 'Silver', 'DR00015'),
('b00018', 19, 1, 17.00, '2024-05-12 20:47:36', 'Process', 'Goldwin', 'DR00015'),
('b00019', 12, 0, 17.00, '2024-05-12 20:47:36', 'Process', 'Silver', 'DR00015'),
('b00020', 17, 4, 20.00, '2024-05-12 20:47:36', 'Process', 'Goldwin', 'DR00015'),
('b00021', 14, 6, 20.00, '2024-05-12 20:47:36', 'Process', 'loss', 'DR00015'),
('b00022', 13, 5, 15.00, '2024-05-12 20:47:36', 'Process', 'Goldwin', 'DR00015'),
('b00023', 11, 4, 14.00, '2024-05-12 20:47:36', 'Process', 'Goldwin', 'DR00015'),
('b00024', 16, 3, 19.00, '2024-05-12 20:47:36', 'Process', 'Silver', 'DR00015'),
('b00025', 17, 4, 17.00, '2024-05-12 20:47:36', 'Process', 'Goldwin', 'DR00015'),
('b00026', 19, 5, 10.00, '2024-05-12 20:47:36', 'Process', 'Goldwin', 'DR00015'),
('b00027', 18, 9, 20.00, '2024-05-12 20:47:36', 'Process', 'Silver', 'DR00015'),
('b00028', 13, 9, 16.00, '2024-05-12 20:47:36', 'Process', 'Silver', 'DR00015'),
('b00029', 11, 9, 19.00, '2024-05-12 20:47:36', 'Process', 'Silver', 'DR00015'),
('b00030', 16, 1, 19.00, '2024-05-12 20:47:36', 'Process', 'Goldwin', 'DR00015'),
('b00031', 15, 7, 11.00, '2024-05-12 21:47:12', 'Process', 'Silver', 'DR00015'),
('b00032', 16, 7, 14.00, '2024-05-12 21:47:12', 'Process', 'Silver', 'DR00015'),
('b00033', 12, 3, 16.00, '2024-05-12 21:47:12', 'Process', 'Silver', 'DR00015'),
('b00034', 12, 1, 10.00, '2024-05-12 21:47:12', 'Process', 'Goldwin', 'DR00015'),
('b00035', 19, 9, 15.00, '2024-05-12 21:47:12', 'Process', 'Silver', 'DR00015'),
('b00036', 16, 7, 18.00, '2024-05-12 21:47:12', 'Process', 'Silver', 'DR00015'),
('b00037', 12, 7, 14.00, '2024-05-12 21:47:12', 'Process', 'Silver', 'DR00015'),
('b00038', 19, 9, 12.00, '2024-05-12 21:47:12', 'Process', 'Silver', 'DR00015'),
('b00039', 17, 3, 19.00, '2024-05-12 21:47:12', 'Process', 'Silver', 'DR00015'),
('b00040', 19, 0, 15.00, '2024-05-12 21:47:12', 'Process', 'Silver', 'DR00015'),
('b00041', 14, 0, 17.00, '2024-05-12 21:47:12', 'Process', 'Silver', 'DR00015'),
('b00042', 12, 6, 20.00, '2024-05-12 21:47:12', 'Process', 'loss', 'DR00015'),
('b00043', 11, 5, 16.00, '2024-05-12 21:47:12', 'Process', 'Goldwin', 'DR00015'),
('b00044', 12, 0, 12.00, '2024-05-12 21:47:12', 'Process', 'Silver', 'DR00015'),
('b00045', 13, 8, 14.00, '2024-05-12 21:47:12', 'Process', 'Goldwin', 'DR00015'),
('b00046', 13, 8, 17.00, '2024-05-12 21:47:12', 'Process', 'Goldwin', 'DR00015'),
('b00047', 11, 2, 18.00, '2024-05-12 21:47:12', 'Process', 'Silver', 'DR00015'),
('b00048', 12, 3, 18.00, '2024-05-12 21:47:12', 'Process', 'Silver', 'DR00015'),
('b00049', 16, 2, 17.00, '2024-05-12 21:47:12', 'Process', 'Silver', 'DR00015'),
('b00050', 13, 1, 13.00, '2024-05-12 21:47:12', 'Process', 'Goldwin', 'DR00015'),
('b00051', 18, 3, 14.00, '2024-05-12 21:47:12', 'Process', 'Silver', 'DR00015'),
('b00052', 16, 4, 10.00, '2024-05-12 21:47:12', 'Process', 'Goldwin', 'DR00015'),
('b00053', 14, 9, 20.00, '2024-05-12 21:47:12', 'Process', 'Silver', 'DR00015'),
('b00054', 12, 3, 14.00, '2024-05-12 21:47:12', 'Process', 'Silver', 'DR00015'),
('b00055', 17, 0, 19.00, '2024-05-12 21:47:12', 'Process', 'Silver', 'DR00015'),
('b00056', 15, 7, 16.00, '2024-05-12 21:47:12', 'Process', 'Silver', 'DR00015'),
('b00057', 12, 8, 19.00, '2024-05-12 21:47:12', 'Process', 'Goldwin', 'DR00015'),
('b00058', 11, 5, 17.00, '2024-05-12 21:47:12', 'Process', 'Goldwin', 'DR00015'),
('b00059', 16, 1, 19.00, '2024-05-12 21:47:12', 'Process', 'Goldwin', 'DR00015'),
('b00060', 17, 7, 15.00, '2024-05-12 21:47:12', 'Process', 'Silver', 'DR00015'),
('b00061', 14, 3, 18.00, '2024-05-13 07:10:04', 'Process', 'Silver', 'DR00015'),
('b00062', 16, 4, 17.00, '2024-05-13 07:10:04', 'Process', 'Goldwin', 'DR00015'),
('b00063', 13, 1, 20.00, '2024-05-13 07:10:04', 'Process', 'Goldwin', 'DR00015'),
('b00064', 19, 0, 18.00, '2024-05-13 07:10:04', 'Process', 'Silver', 'DR00015'),
('b00065', 18, 6, 11.00, '2024-05-13 07:10:04', 'Process', 'loss', 'DR00015'),
('b00066', 14, 0, 15.00, '2024-05-13 07:10:04', 'Process', 'Silver', 'DR00015'),
('b00067', 11, 3, 18.00, '2024-05-13 07:10:04', 'Process', 'Silver', 'DR00015'),
('b00068', 12, 9, 14.00, '2024-05-13 07:10:04', 'Process', 'Silver', 'DR00015'),
('b00069', 19, 6, 13.00, '2024-05-13 07:10:04', 'Process', 'loss', 'DR00015'),
('b00070', 17, 6, 11.00, '2024-05-13 07:10:04', 'Process', 'loss', 'DR00015'),
('b00071', 18, 5, 10.00, '2024-05-13 07:10:04', 'Process', 'Goldwin', 'DR00015'),
('b00072', 16, 8, 10.00, '2024-05-13 07:10:04', 'Process', 'loss', 'DR00015'),
('b00073', 18, 2, 17.00, '2024-05-13 07:10:04', 'Process', 'Silver', 'DR00015'),
('b00074', 15, 3, 18.00, '2024-05-13 07:10:04', 'Process', 'Silver', 'DR00015'),
('b00075', 12, 6, 11.00, '2024-05-13 07:10:04', 'Process', 'loss', 'DR00015'),
('b00076', 13, 2, 13.00, '2024-05-13 07:10:04', 'Process', 'Silver', 'DR00015'),
('b00077', 19, 4, 18.00, '2024-05-13 07:10:04', 'Process', 'Goldwin', 'DR00015'),
('b00078', 18, 0, 17.00, '2024-05-13 07:10:04', 'Process', 'Silver', 'DR00015'),
('b00079', 11, 2, 20.00, '2024-05-13 07:10:04', 'Process', 'Silver', 'DR00015'),
('b00080', 16, 6, 18.00, '2024-05-13 07:10:04', 'Process', 'loss', 'DR00015'),
('b00081', 15, 7, 16.00, '2024-05-13 07:10:04', 'Process', 'Silver', 'DR00015'),
('b00082', 12, 2, 14.00, '2024-05-13 07:10:04', 'Process', 'Silver', 'DR00015'),
('b00083', 18, 4, 20.00, '2024-05-13 07:10:04', 'Process', 'Goldwin', 'DR00015'),
('b00084', 11, 4, 16.00, '2024-05-13 07:10:04', 'Process', 'Goldwin', 'DR00015'),
('b00085', 18, 8, 20.00, '2024-05-13 07:10:04', 'Process', 'loss', 'DR00015'),
('b00086', 17, 6, 20.00, '2024-05-13 07:10:04', 'Process', 'loss', 'DR00015'),
('b00087', 12, 8, 16.00, '2024-05-13 07:10:04', 'Process', 'loss', 'DR00015'),
('b00088', 19, 7, 20.00, '2024-05-13 07:10:04', 'Process', 'Silver', 'DR00015'),
('b00089', 13, 9, 10.00, '2024-05-13 07:10:04', 'Process', 'Silver', 'DR00015'),
('b00090', 14, 6, 16.00, '2024-05-13 07:10:04', 'Process', 'loss', 'DR00015'),
('b00091', 18, 6, 15.00, '2024-05-13 07:10:27', 'Process', 'loss', 'DR00015'),
('b00092', 19, 7, 13.00, '2024-05-13 07:10:27', 'Process', 'Silver', 'DR00015'),
('b00093', 16, 2, 20.00, '2024-05-13 07:10:27', 'Process', 'Silver', 'DR00015'),
('b00094', 16, 4, 11.00, '2024-05-13 07:10:27', 'Process', 'Goldwin', 'DR00015'),
('b00095', 11, 5, 15.00, '2024-05-13 07:10:27', 'Process', 'Goldwin', 'DR00015'),
('b00096', 11, 0, 17.00, '2024-05-13 07:10:27', 'Process', 'Silver', 'DR00015'),
('b00097', 13, 8, 16.00, '2024-05-13 07:10:27', 'Process', 'loss', 'DR00015'),
('b00098', 15, 3, 13.00, '2024-05-13 07:10:27', 'Process', 'Silver', 'DR00015'),
('b00099', 16, 3, 12.00, '2024-05-13 07:10:27', 'Process', 'Silver', 'DR00015'),
('b00100', 12, 9, 12.00, '2024-05-13 07:10:27', 'Process', 'Silver', 'DR00015'),
('b00101', 11, 8, 15.00, '2024-05-13 07:10:27', 'Process', 'loss', 'DR00015'),
('b00102', 17, 6, 17.00, '2024-05-13 07:10:27', 'Process', 'loss', 'DR00015'),
('b00103', 12, 0, 11.00, '2024-05-13 07:10:27', 'Process', 'Silver', 'DR00015'),
('b00104', 11, 2, 13.00, '2024-05-13 07:10:27', 'Process', 'Silver', 'DR00015'),
('b00105', 19, 5, 19.00, '2024-05-13 07:10:27', 'Process', 'Goldwin', 'DR00015'),
('b00106', 17, 7, 15.00, '2024-05-13 07:10:27', 'Process', 'Silver', 'DR00015'),
('b00107', 19, 6, 14.00, '2024-05-13 07:10:27', 'Process', 'loss', 'DR00015'),
('b00108', 18, 4, 13.00, '2024-05-13 07:10:27', 'Process', 'Goldwin', 'DR00015'),
('b00109', 14, 6, 14.00, '2024-05-13 07:10:27', 'Process', 'loss', 'DR00015'),
('b00110', 14, 6, 10.00, '2024-05-13 07:10:27', 'Process', 'loss', 'DR00015'),
('b00111', 17, 4, 11.00, '2024-05-13 07:10:27', 'Process', 'Goldwin', 'DR00015'),
('b00112', 13, 4, 20.00, '2024-05-13 07:10:27', 'Process', 'Goldwin', 'DR00015'),
('b00113', 14, 9, 11.00, '2024-05-13 07:10:27', 'Process', 'Silver', 'DR00015'),
('b00114', 15, 5, 14.00, '2024-05-13 07:10:27', 'Process', 'Goldwin', 'DR00015'),
('b00115', 19, 4, 12.00, '2024-05-13 07:10:27', 'Process', 'Goldwin', 'DR00015'),
('b00116', 17, 0, 19.00, '2024-05-13 07:10:27', 'Process', 'Silver', 'DR00015'),
('b00117', 11, 7, 15.00, '2024-05-13 07:10:27', 'Process', 'Silver', 'DR00015'),
('b00118', 13, 8, 10.00, '2024-05-13 07:10:27', 'Process', 'loss', 'DR00015'),
('b00119', 13, 0, 12.00, '2024-05-13 07:10:27', 'Process', 'Silver', 'DR00015'),
('b00120', 13, 4, 17.00, '2024-05-13 07:10:27', 'Process', 'Goldwin', 'DR00015'),
('b00121', 12, 5, 12.00, '2024-05-13 07:10:30', 'Process', 'Goldwin', 'DR00015'),
('b00122', 11, 4, 11.00, '2024-05-13 07:10:30', 'Process', 'Goldwin', 'DR00015'),
('b00123', 18, 5, 14.00, '2024-05-13 07:10:30', 'Process', 'Goldwin', 'DR00015'),
('b00124', 18, 9, 10.00, '2024-05-13 07:10:30', 'Process', 'Silver', 'DR00015'),
('b00125', 13, 2, 12.00, '2024-05-13 07:10:30', 'Process', 'Silver', 'DR00015'),
('b00126', 13, 1, 14.00, '2024-05-13 07:10:30', 'Process', 'Goldwin', 'DR00015'),
('b00127', 11, 6, 11.00, '2024-05-13 07:10:30', 'Process', 'loss', 'DR00015'),
('b00128', 12, 8, 11.00, '2024-05-13 07:10:30', 'Process', 'loss', 'DR00015'),
('b00129', 17, 2, 18.00, '2024-05-13 07:10:30', 'Process', 'Silver', 'DR00015'),
('b00130', 13, 1, 11.00, '2024-05-13 07:10:30', 'Process', 'Goldwin', 'DR00015'),
('b00131', 16, 1, 12.00, '2024-05-13 07:10:30', 'Process', 'Goldwin', 'DR00015'),
('b00132', 12, 6, 16.00, '2024-05-13 07:10:30', 'Process', 'loss', 'DR00015'),
('b00133', 13, 1, 19.00, '2024-05-13 07:10:30', 'Process', 'Goldwin', 'DR00015'),
('b00134', 15, 0, 12.00, '2024-05-13 07:10:30', 'Process', 'Silver', 'DR00015'),
('b00135', 16, 4, 11.00, '2024-05-13 07:10:30', 'Process', 'Goldwin', 'DR00015'),
('b00136', 19, 3, 18.00, '2024-05-13 07:10:30', 'Process', 'Silver', 'DR00015'),
('b00137', 17, 0, 20.00, '2024-05-13 07:10:30', 'Process', 'Silver', 'DR00015'),
('b00138', 12, 5, 10.00, '2024-05-13 07:10:30', 'Process', 'Goldwin', 'DR00015'),
('b00139', 11, 7, 15.00, '2024-05-13 07:10:30', 'Process', 'Silver', 'DR00015'),
('b00140', 18, 8, 14.00, '2024-05-13 07:10:30', 'Process', 'loss', 'DR00015'),
('b00141', 13, 5, 18.00, '2024-05-13 07:10:30', 'Process', 'Goldwin', 'DR00015'),
('b00142', 13, 1, 11.00, '2024-05-13 07:10:30', 'Process', 'Goldwin', 'DR00015'),
('b00143', 16, 6, 13.00, '2024-05-13 07:10:30', 'Process', 'loss', 'DR00015'),
('b00144', 12, 3, 12.00, '2024-05-13 07:10:30', 'Process', 'Silver', 'DR00015'),
('b00145', 19, 6, 15.00, '2024-05-13 07:10:30', 'Process', 'loss', 'DR00015'),
('b00146', 17, 5, 19.00, '2024-05-13 07:10:30', 'Process', 'Goldwin', 'DR00015'),
('b00147', 12, 9, 16.00, '2024-05-13 07:10:30', 'Process', 'Silver', 'DR00015'),
('b00148', 13, 7, 19.00, '2024-05-13 07:10:30', 'Process', 'Silver', 'DR00015'),
('b00149', 18, 9, 18.00, '2024-05-13 07:10:30', 'Process', 'Silver', 'DR00015'),
('b00150', 12, 1, 13.00, '2024-05-13 07:10:30', 'Process', 'Goldwin', 'DR00015'),
('b00151', 16, 2, 17.00, '2024-05-13 07:10:32', 'Process', 'Silver', 'DR00015'),
('b00152', 15, 2, 11.00, '2024-05-13 07:10:32', 'Process', 'Silver', 'DR00015'),
('b00153', 14, 8, 17.00, '2024-05-13 07:10:32', 'Process', 'loss', 'DR00015'),
('b00154', 18, 2, 12.00, '2024-05-13 07:10:32', 'Process', 'Silver', 'DR00015'),
('b00155', 18, 2, 14.00, '2024-05-13 07:10:32', 'Process', 'Silver', 'DR00015'),
('b00156', 16, 2, 14.00, '2024-05-13 07:10:32', 'Process', 'Silver', 'DR00015'),
('b00157', 15, 0, 20.00, '2024-05-13 07:10:32', 'Process', 'Silver', 'DR00015'),
('b00158', 18, 1, 14.00, '2024-05-13 07:10:32', 'Process', 'Goldwin', 'DR00015'),
('b00159', 18, 9, 13.00, '2024-05-13 07:10:32', 'Process', 'Silver', 'DR00015'),
('b00160', 11, 4, 11.00, '2024-05-13 07:10:32', 'Process', 'Goldwin', 'DR00015'),
('b00161', 14, 8, 15.00, '2024-05-13 07:10:32', 'Process', 'loss', 'DR00015'),
('b00162', 16, 1, 17.00, '2024-05-13 07:10:32', 'Process', 'Goldwin', 'DR00015'),
('b00163', 16, 9, 18.00, '2024-05-13 07:10:32', 'Process', 'Silver', 'DR00015'),
('b00164', 11, 6, 16.00, '2024-05-13 07:10:32', 'Process', 'loss', 'DR00015'),
('b00165', 11, 6, 11.00, '2024-05-13 07:10:32', 'Process', 'loss', 'DR00015'),
('b00166', 16, 7, 15.00, '2024-05-13 07:10:32', 'Process', 'Silver', 'DR00015'),
('b00167', 18, 1, 10.00, '2024-05-13 07:10:32', 'Process', 'Goldwin', 'DR00015'),
('b00168', 15, 4, 15.00, '2024-05-13 07:10:32', 'Process', 'Goldwin', 'DR00015'),
('b00169', 14, 1, 17.00, '2024-05-13 07:10:32', 'Process', 'Goldwin', 'DR00015'),
('b00170', 17, 2, 13.00, '2024-05-13 07:10:32', 'Process', 'Silver', 'DR00015'),
('b00171', 14, 9, 16.00, '2024-05-13 07:10:32', 'Process', 'Silver', 'DR00015'),
('b00172', 18, 3, 16.00, '2024-05-13 07:10:32', 'Process', 'Silver', 'DR00015'),
('b00173', 19, 1, 12.00, '2024-05-13 07:10:32', 'Process', 'Goldwin', 'DR00015'),
('b00174', 13, 2, 11.00, '2024-05-13 07:10:32', 'Process', 'Silver', 'DR00015'),
('b00175', 12, 2, 14.00, '2024-05-13 07:10:32', 'Process', 'Silver', 'DR00015'),
('b00176', 16, 9, 20.00, '2024-05-13 07:10:32', 'Process', 'Silver', 'DR00015'),
('b00177', 17, 8, 11.00, '2024-05-13 07:10:32', 'Process', 'loss', 'DR00015'),
('b00178', 17, 5, 19.00, '2024-05-13 07:10:32', 'Process', 'Goldwin', 'DR00015'),
('b00179', 19, 5, 16.00, '2024-05-13 07:10:32', 'Process', 'Goldwin', 'DR00015'),
('b00180', 15, 6, 17.00, '2024-05-13 07:10:32', 'Process', 'loss', 'DR00015'),
('b00181', 19, 4, 100.00, '2024-05-13 08:13:53', 'Process', 'Goldwin', 'DR00015'),
('b00182', 19, 1, 100.00, '2024-05-13 08:14:07', 'Process', 'loss', 'DR00015'),
('b00183', 19, 9, 100.00, '2024-05-13 08:14:18', 'Process', 'Silver', 'DR00015'),
('b00184', 19, 6, 100.00, '2024-05-13 08:14:27', 'Process', 'loss', 'DR00015'),
('b00185', 19, 1, 100.00, '2024-05-13 08:41:09', 'Process', 'loss', 'DR00015'),
('b00186', 19, 2, 100.00, '2024-05-13 08:41:17', 'Process', 'Silver', 'DR00015'),
('b00187', 19, 6, 100.00, '2024-05-13 08:41:37', 'Process', 'loss', 'DR00015'),
('b00188', 19, 9, 100.00, '2024-05-13 08:41:45', 'Process', 'Silver', 'DR00015'),
('b00189', 19, 1, 100.00, '2024-05-13 11:15:35', 'Process', 'loss', 'DR00015'),
('b00190', 16, 8, 13.00, '2024-05-13 16:07:59', 'Process', 'loss', 'DR00015'),
('b00191', 17, 1, 16.00, '2024-05-13 16:07:59', 'Process', 'loss', 'DR00015'),
('b00192', 15, 7, 14.00, '2024-05-13 16:07:59', 'Process', 'Silver', 'DR00015'),
('b00193', 14, 8, 18.00, '2024-05-13 16:07:59', 'Process', 'loss', 'DR00015'),
('b00194', 18, 4, 19.00, '2024-05-13 16:07:59', 'Process', 'Goldwin', 'DR00015'),
('b00195', 13, 2, 15.00, '2024-05-13 16:07:59', 'Process', 'Silver', 'DR00015'),
('b00196', 16, 2, 20.00, '2024-05-13 16:07:59', 'Process', 'Silver', 'DR00015'),
('b00197', 16, 3, 20.00, '2024-05-13 16:07:59', 'Process', 'loss', 'DR00015'),
('b00198', 11, 2, 14.00, '2024-05-13 16:07:59', 'Process', 'Silver', 'DR00015'),
('b00199', 16, 5, 11.00, '2024-05-13 16:07:59', 'Process', 'Goldwin', 'DR00015'),
('b00200', 19, 1, 12.00, '2024-05-13 16:07:59', 'Process', 'loss', 'DR00015'),
('b00201', 16, 6, 11.00, '2024-05-13 16:07:59', 'Process', 'loss', 'DR00015'),
('b00202', 13, 0, 12.00, '2024-05-13 16:07:59', 'Process', 'Silver', 'DR00015'),
('b00203', 12, 8, 10.00, '2024-05-13 16:07:59', 'Process', 'loss', 'DR00015'),
('b00204', 16, 3, 17.00, '2024-05-13 16:07:59', 'Process', 'loss', 'DR00015'),
('b00205', 13, 9, 20.00, '2024-05-13 16:07:59', 'Process', 'Silver', 'DR00015'),
('b00206', 17, 9, 13.00, '2024-05-13 16:07:59', 'Process', 'Silver', 'DR00015'),
('b00207', 16, 5, 10.00, '2024-05-13 16:07:59', 'Process', 'Goldwin', 'DR00015'),
('b00208', 18, 9, 15.00, '2024-05-13 16:07:59', 'Process', 'Silver', 'DR00015'),
('b00209', 16, 5, 14.00, '2024-05-13 16:07:59', 'Process', 'Goldwin', 'DR00015'),
('b00210', 13, 5, 20.00, '2024-05-13 16:07:59', 'Process', 'Goldwin', 'DR00015'),
('b00211', 18, 6, 19.00, '2024-05-13 16:07:59', 'Process', 'loss', 'DR00015'),
('b00212', 19, 1, 20.00, '2024-05-13 16:07:59', 'Process', 'loss', 'DR00015'),
('b00213', 13, 3, 11.00, '2024-05-13 16:07:59', 'Process', 'loss', 'DR00015'),
('b00214', 12, 1, 12.00, '2024-05-13 16:07:59', 'Process', 'loss', 'DR00015'),
('b00215', 18, 0, 19.00, '2024-05-13 16:07:59', 'Process', 'Silver', 'DR00015'),
('b00216', 18, 4, 14.00, '2024-05-13 16:07:59', 'Process', 'Goldwin', 'DR00015'),
('b00217', 15, 7, 10.00, '2024-05-13 16:07:59', 'Process', 'Silver', 'DR00015'),
('b00218', 12, 9, 15.00, '2024-05-13 16:07:59', 'Process', 'Silver', 'DR00015'),
('b00219', 18, 5, 10.00, '2024-05-13 16:07:59', 'Process', 'Goldwin', 'DR00015'),
('b00220', 18, 6, 16.00, '2024-05-13 16:09:00', 'Process', 'loss', 'DR00015'),
('b00221', 15, 5, 17.00, '2024-05-13 16:09:00', 'Process', 'Goldwin', 'DR00015'),
('b00222', 12, 6, 13.00, '2024-05-13 16:09:00', 'Process', 'loss', 'DR00015'),
('b00223', 13, 8, 13.00, '2024-05-13 16:09:00', 'Process', 'loss', 'DR00015'),
('b00224', 18, 1, 18.00, '2024-05-13 16:09:00', 'Process', 'loss', 'DR00015'),
('b00225', 19, 7, 12.00, '2024-05-13 16:09:00', 'Process', 'Silver', 'DR00015'),
('b00226', 18, 2, 19.00, '2024-05-13 16:09:00', 'Process', 'Silver', 'DR00015'),
('b00227', 13, 0, 10.00, '2024-05-13 16:09:00', 'Process', 'Silver', 'DR00015'),
('b00228', 18, 5, 20.00, '2024-05-13 16:09:00', 'Process', 'Goldwin', 'DR00015'),
('b00229', 19, 2, 10.00, '2024-05-13 16:09:00', 'Process', 'Silver', 'DR00015'),
('b00230', 13, 3, 10.00, '2024-05-13 16:09:00', 'Process', 'loss', 'DR00015'),
('b00231', 18, 5, 15.00, '2024-05-13 16:09:00', 'Process', 'Goldwin', 'DR00015'),
('b00232', 19, 3, 14.00, '2024-05-13 16:09:00', 'Process', 'loss', 'DR00015'),
('b00233', 18, 3, 18.00, '2024-05-13 16:09:00', 'Process', 'loss', 'DR00015'),
('b00234', 18, 0, 18.00, '2024-05-13 16:09:00', 'Process', 'Silver', 'DR00015'),
('b00235', 12, 4, 11.00, '2024-05-13 16:09:00', 'Process', 'Goldwin', 'DR00015'),
('b00236', 18, 7, 11.00, '2024-05-13 16:09:00', 'Process', 'Silver', 'DR00015'),
('b00237', 17, 7, 17.00, '2024-05-13 16:09:00', 'Process', 'Silver', 'DR00015'),
('b00238', 19, 6, 10.00, '2024-05-13 16:09:00', 'Process', 'loss', 'DR00015'),
('b00239', 19, 7, 15.00, '2024-05-13 16:09:00', 'Process', 'Silver', 'DR00015'),
('b00240', 11, 2, 15.00, '2024-05-13 16:09:00', 'Process', 'Silver', 'DR00015'),
('b00241', 12, 4, 20.00, '2024-05-13 16:09:00', 'Process', 'Goldwin', 'DR00015'),
('b00242', 12, 8, 17.00, '2024-05-13 16:09:00', 'Process', 'loss', 'DR00015'),
('b00243', 17, 4, 17.00, '2024-05-13 16:09:00', 'Process', 'Goldwin', 'DR00015'),
('b00244', 13, 9, 12.00, '2024-05-13 16:09:00', 'Process', 'Silver', 'DR00015'),
('b00245', 15, 2, 17.00, '2024-05-13 16:09:00', 'Process', 'Silver', 'DR00015'),
('b00246', 12, 0, 15.00, '2024-05-13 16:09:00', 'Process', 'Silver', 'DR00015'),
('b00247', 19, 9, 17.00, '2024-05-13 16:09:00', 'Process', 'Silver', 'DR00015'),
('b00248', 13, 7, 15.00, '2024-05-13 16:09:00', 'Process', 'Silver', 'DR00015'),
('b00249', 11, 4, 18.00, '2024-05-13 16:09:00', 'Process', 'Goldwin', 'DR00015'),
('b00250', 14, 8, 17.00, '2024-05-13 16:11:47', 'Process', 'loss', 'DR00015'),
('b00251', 18, 6, 19.00, '2024-05-13 16:11:47', 'Process', 'loss', 'DR00015'),
('b00252', 17, 4, 11.00, '2024-05-13 16:11:47', 'Process', 'Goldwin', 'DR00015'),
('b00253', 14, 8, 16.00, '2024-05-13 16:11:47', 'Process', 'loss', 'DR00015'),
('b00254', 12, 6, 11.00, '2024-05-13 16:11:47', 'Process', 'loss', 'DR00015'),
('b00255', 16, 4, 17.00, '2024-05-13 16:11:47', 'Process', 'Goldwin', 'DR00015'),
('b00256', 12, 0, 17.00, '2024-05-13 16:11:47', 'Process', 'Silver', 'DR00015'),
('b00257', 16, 0, 13.00, '2024-05-13 16:11:47', 'Process', 'Silver', 'DR00015'),
('b00258', 13, 5, 14.00, '2024-05-13 16:11:47', 'Process', 'Goldwin', 'DR00015'),
('b00259', 16, 9, 16.00, '2024-05-13 16:11:47', 'Process', 'Silver', 'DR00015'),
('b00260', 19, 2, 10.00, '2024-05-13 16:11:47', 'Process', 'Silver', 'DR00015'),
('b00261', 16, 8, 19.00, '2024-05-13 16:11:47', 'Process', 'loss', 'DR00015'),
('b00262', 19, 7, 20.00, '2024-05-13 16:11:47', 'Process', 'Silver', 'DR00015'),
('b00263', 16, 6, 10.00, '2024-05-13 16:11:47', 'Process', 'loss', 'DR00015'),
('b00264', 11, 8, 17.00, '2024-05-13 16:11:47', 'Process', 'loss', 'DR00015'),
('b00265', 12, 3, 14.00, '2024-05-13 16:11:47', 'Process', 'loss', 'DR00015'),
('b00266', 14, 5, 18.00, '2024-05-13 16:11:47', 'Process', 'Goldwin', 'DR00015'),
('b00267', 13, 4, 14.00, '2024-05-13 16:11:47', 'Process', 'Goldwin', 'DR00015'),
('b00268', 17, 1, 19.00, '2024-05-13 16:11:47', 'Process', 'loss', 'DR00015'),
('b00269', 14, 1, 10.00, '2024-05-13 16:11:47', 'Process', 'loss', 'DR00015'),
('b00270', 13, 2, 14.00, '2024-05-13 16:11:47', 'Process', 'Silver', 'DR00015'),
('b00271', 16, 6, 10.00, '2024-05-13 16:11:47', 'Process', 'loss', 'DR00015'),
('b00272', 16, 3, 12.00, '2024-05-13 16:11:47', 'Process', 'loss', 'DR00015'),
('b00273', 12, 3, 11.00, '2024-05-13 16:11:47', 'Process', 'loss', 'DR00015'),
('b00274', 13, 5, 12.00, '2024-05-13 16:11:47', 'Process', 'Goldwin', 'DR00015'),
('b00275', 11, 7, 16.00, '2024-05-13 16:11:47', 'Process', 'Silver', 'DR00015'),
('b00276', 11, 2, 19.00, '2024-05-13 16:11:47', 'Process', 'Silver', 'DR00015'),
('b00277', 12, 2, 19.00, '2024-05-13 16:11:47', 'Process', 'Silver', 'DR00015'),
('b00278', 17, 1, 20.00, '2024-05-13 16:11:47', 'Process', 'loss', 'DR00015'),
('b00279', 12, 2, 14.00, '2024-05-13 16:11:47', 'Process', 'Silver', 'DR00015'),
('b00280', 17, 7, 16.00, '2024-05-13 17:40:06', 'Process', 'Silver', 'DR00015'),
('b00281', 11, 1, 17.00, '2024-05-13 17:40:06', 'Process', 'loss', 'DR00015'),
('b00282', 12, 3, 18.00, '2024-05-13 17:40:06', 'Process', 'loss', 'DR00015'),
('b00283', 12, 0, 16.00, '2024-05-13 17:40:06', 'Process', 'Silver', 'DR00015'),
('b00284', 12, 2, 15.00, '2024-05-13 17:40:06', 'Process', 'Silver', 'DR00015'),
('b00285', 11, 6, 15.00, '2024-05-13 17:40:06', 'Process', 'loss', 'DR00015'),
('b00286', 11, 8, 16.00, '2024-05-13 17:40:06', 'Process', 'loss', 'DR00015'),
('b00287', 12, 1, 16.00, '2024-05-13 17:40:06', 'Process', 'loss', 'DR00015'),
('b00288', 16, 1, 17.00, '2024-05-13 17:40:06', 'Process', 'loss', 'DR00015'),
('b00289', 18, 6, 17.00, '2024-05-13 17:40:06', 'Process', 'loss', 'DR00015'),
('b00290', 12, 8, 14.00, '2024-05-13 17:40:06', 'Process', 'loss', 'DR00015'),
('b00291', 12, 4, 16.00, '2024-05-13 17:40:06', 'Process', 'Goldwin', 'DR00015'),
('b00292', 12, 6, 12.00, '2024-05-13 17:40:06', 'Process', 'loss', 'DR00015'),
('b00293', 12, 5, 14.00, '2024-05-13 17:40:06', 'Process', 'Goldwin', 'DR00015'),
('b00294', 16, 0, 18.00, '2024-05-13 17:40:06', 'Process', 'Silver', 'DR00015'),
('b00295', 15, 6, 15.00, '2024-05-13 17:40:06', 'Process', 'loss', 'DR00015'),
('b00296', 12, 7, 20.00, '2024-05-13 17:40:06', 'Process', 'Silver', 'DR00015'),
('b00297', 12, 0, 14.00, '2024-05-13 17:40:06', 'Process', 'Silver', 'DR00015'),
('b00298', 19, 4, 10.00, '2024-05-13 17:40:06', 'Process', 'Goldwin', 'DR00015'),
('b00299', 14, 0, 20.00, '2024-05-13 17:40:06', 'Process', 'Silver', 'DR00015'),
('b00300', 16, 0, 14.00, '2024-05-13 17:40:06', 'Process', 'Silver', 'DR00015'),
('b00301', 14, 3, 14.00, '2024-05-13 17:40:06', 'Process', 'loss', 'DR00015'),
('b00302', 13, 6, 13.00, '2024-05-13 17:40:06', 'Process', 'loss', 'DR00015'),
('b00303', 12, 6, 14.00, '2024-05-13 17:40:06', 'Process', 'loss', 'DR00015'),
('b00304', 15, 4, 17.00, '2024-05-13 17:40:06', 'Process', 'Goldwin', 'DR00015'),
('b00305', 18, 0, 12.00, '2024-05-13 17:40:06', 'Process', 'Silver', 'DR00015'),
('b00306', 17, 3, 16.00, '2024-05-13 17:40:06', 'Process', 'loss', 'DR00015'),
('b00307', 15, 2, 20.00, '2024-05-13 17:40:06', 'Process', 'Silver', 'DR00015'),
('b00308', 16, 8, 20.00, '2024-05-13 17:40:06', 'Process', 'loss', 'DR00015'),
('b00309', 11, 7, 18.00, '2024-05-13 17:40:06', 'Process', 'Silver', 'DR00015'),
('b00310', 18, 2, 17.00, '2024-05-13 17:40:48', 'Process', 'Silver', 'DR00015'),
('b00311', 18, 7, 12.00, '2024-05-13 17:40:48', 'Process', 'Silver', 'DR00015'),
('b00312', 13, 0, 14.00, '2024-05-13 17:40:48', 'Process', 'Silver', 'DR00015'),
('b00313', 14, 1, 17.00, '2024-05-13 17:40:48', 'Process', 'loss', 'DR00015'),
('b00314', 13, 6, 16.00, '2024-05-13 17:40:48', 'Process', 'loss', 'DR00015'),
('b00315', 17, 7, 17.00, '2024-05-13 17:40:48', 'Process', 'Silver', 'DR00015'),
('b00316', 12, 7, 16.00, '2024-05-13 17:40:48', 'Process', 'Silver', 'DR00015'),
('b00317', 11, 4, 20.00, '2024-05-13 17:40:48', 'Process', 'Goldwin', 'DR00015'),
('b00318', 18, 5, 14.00, '2024-05-13 17:40:48', 'Process', 'Goldwin', 'DR00015'),
('b00319', 16, 5, 10.00, '2024-05-13 17:40:48', 'Process', 'Goldwin', 'DR00015'),
('b00320', 17, 8, 13.00, '2024-05-13 17:40:48', 'Process', 'loss', 'DR00015'),
('b00321', 16, 6, 19.00, '2024-05-13 17:40:48', 'Process', 'loss', 'DR00015'),
('b00322', 19, 3, 10.00, '2024-05-13 17:40:48', 'Process', 'loss', 'DR00015'),
('b00323', 13, 8, 18.00, '2024-05-13 17:40:48', 'Process', 'loss', 'DR00015'),
('b00324', 18, 3, 16.00, '2024-05-13 17:40:48', 'Process', 'loss', 'DR00015'),
('b00325', 12, 6, 11.00, '2024-05-13 17:40:48', 'Process', 'loss', 'DR00015'),
('b00326', 16, 8, 13.00, '2024-05-13 17:40:48', 'Process', 'loss', 'DR00015'),
('b00327', 11, 8, 20.00, '2024-05-13 17:40:48', 'Process', 'loss', 'DR00015'),
('b00328', 19, 6, 14.00, '2024-05-13 17:40:48', 'Process', 'loss', 'DR00015'),
('b00329', 13, 4, 19.00, '2024-05-13 17:40:48', 'Process', 'Goldwin', 'DR00015'),
('b00330', 15, 6, 19.00, '2024-05-13 17:40:48', 'Process', 'loss', 'DR00015'),
('b00331', 13, 7, 16.00, '2024-05-13 17:40:48', 'Process', 'Silver', 'DR00015'),
('b00332', 11, 8, 16.00, '2024-05-13 17:40:48', 'Process', 'loss', 'DR00015'),
('b00333', 17, 9, 18.00, '2024-05-13 17:40:48', 'Process', 'Silver', 'DR00015'),
('b00334', 16, 3, 13.00, '2024-05-13 17:40:48', 'Process', 'loss', 'DR00015'),
('b00335', 19, 0, 13.00, '2024-05-13 17:40:48', 'Process', 'Silver', 'DR00015'),
('b00336', 11, 9, 17.00, '2024-05-13 17:40:48', 'Process', 'Silver', 'DR00015'),
('b00337', 17, 2, 17.00, '2024-05-13 17:40:48', 'Process', 'Silver', 'DR00015'),
('b00338', 12, 6, 15.00, '2024-05-13 17:40:48', 'Process', 'loss', 'DR00015'),
('b00339', 15, 5, 20.00, '2024-05-13 17:40:48', 'Process', 'Goldwin', 'DR00015'),
('b00340', 13, 8, 13.00, '2024-05-13 18:02:38', 'Process', 'loss', 'DR00015'),
('b00341', 11, 6, 14.00, '2024-05-13 18:02:38', 'Process', 'loss', 'DR00015'),
('b00342', 19, 7, 12.00, '2024-05-13 18:02:38', 'Process', 'Silver', 'DR00015'),
('b00343', 11, 2, 11.00, '2024-05-13 18:02:38', 'Process', 'Silver', 'DR00015'),
('b00344', 14, 5, 13.00, '2024-05-13 18:02:38', 'Process', 'Goldwin', 'DR00015'),
('b00345', 18, 3, 11.00, '2024-05-13 18:02:38', 'Process', 'loss', 'DR00015'),
('b00346', 19, 2, 14.00, '2024-05-13 18:02:38', 'Process', 'Silver', 'DR00015'),
('b00347', 18, 7, 14.00, '2024-05-13 18:02:38', 'Process', 'Silver', 'DR00015'),
('b00348', 14, 9, 19.00, '2024-05-13 18:02:38', 'Process', 'Silver', 'DR00015'),
('b00349', 18, 1, 20.00, '2024-05-13 18:02:38', 'Process', 'loss', 'DR00015'),
('b00350', 12, 7, 12.00, '2024-05-13 18:02:38', 'Process', 'Silver', 'DR00015'),
('b00351', 13, 8, 17.00, '2024-05-13 18:02:38', 'Process', 'loss', 'DR00015'),
('b00352', 13, 7, 10.00, '2024-05-13 18:02:38', 'Process', 'Silver', 'DR00015'),
('b00353', 14, 9, 20.00, '2024-05-13 18:02:38', 'Process', 'Silver', 'DR00015'),
('b00354', 19, 2, 15.00, '2024-05-13 18:02:38', 'Process', 'Silver', 'DR00015'),
('b00355', 17, 9, 19.00, '2024-05-13 18:02:38', 'Process', 'Silver', 'DR00015'),
('b00356', 17, 0, 11.00, '2024-05-13 18:02:38', 'Process', 'Silver', 'DR00015'),
('b00357', 14, 0, 17.00, '2024-05-13 18:02:38', 'Process', 'Silver', 'DR00015'),
('b00358', 15, 2, 15.00, '2024-05-13 18:02:38', 'Process', 'Silver', 'DR00015'),
('b00359', 17, 9, 15.00, '2024-05-13 18:02:38', 'Process', 'Silver', 'DR00015'),
('b00360', 14, 4, 13.00, '2024-05-13 18:02:38', 'Process', 'Goldwin', 'DR00015'),
('b00361', 17, 0, 14.00, '2024-05-13 18:02:38', 'Process', 'Silver', 'DR00015'),
('b00362', 19, 2, 10.00, '2024-05-13 18:02:38', 'Process', 'Silver', 'DR00015'),
('b00363', 14, 6, 10.00, '2024-05-13 18:02:38', 'Process', 'loss', 'DR00015'),
('b00364', 16, 1, 14.00, '2024-05-13 18:02:38', 'Process', 'loss', 'DR00015'),
('b00365', 19, 9, 12.00, '2024-05-13 18:02:38', 'Process', 'Silver', 'DR00015'),
('b00366', 19, 7, 10.00, '2024-05-13 18:02:38', 'Process', 'Silver', 'DR00015'),
('b00367', 16, 3, 17.00, '2024-05-13 18:02:38', 'Process', 'loss', 'DR00015'),
('b00368', 16, 0, 20.00, '2024-05-13 18:02:38', 'Process', 'Silver', 'DR00015'),
('b00369', 19, 9, 16.00, '2024-05-13 18:02:38', 'Process', 'Silver', 'DR00015'),
('b00370', 11, 3, 20.00, '2024-05-13 20:24:16', 'Process', 'loss', 'DR00015'),
('b00371', 11, 3, 11.00, '2024-05-13 20:25:04', 'Process', 'loss', 'DR00015'),
('b00372', 11, 1, 12.00, '2024-05-13 20:28:32', 'Process', 'loss', 'DR00015'),
('b00373', 11, 1, 12.00, '2024-05-13 20:28:46', 'Process', 'loss', 'DR00015'),
('b00374', 11, 1, 12.00, '2024-05-13 20:29:08', 'Process', 'loss', 'DR00015'),
('b00375', 11, 1, 12.00, '2024-05-13 20:29:44', 'Process', 'loss', 'DR00015'),
('b00376', 11, 1, 12.00, '2024-05-13 20:29:49', 'Process', 'loss', 'DR00015'),
('b00377', 11, 1, 12.00, '2024-05-13 20:31:03', 'Process', 'loss', 'DR00015'),
('b00378', 11, 2, 10.00, '2024-05-13 20:34:17', 'Process', 'Silver', 'DR00015'),
('b00379', 11, 2, 12.00, '2024-05-13 20:37:08', 'Process', 'Silver', 'DR00015'),
('b00380', 11, 1, 11.00, '2024-05-13 20:37:36', 'Process', 'loss', 'DR00015'),
('b00381', 11, 2, 12.00, '2024-05-13 20:53:59', 'Process', 'Silver', 'DR00015'),
('b00382', 11, 1, 11.00, '2024-05-13 20:54:48', 'Process', 'loss', 'DR00015'),
('b00383', 11, 2, 19.00, '2024-05-13 20:58:10', 'Process', 'Silver', 'DR00015'),
('b00384', 11, 2, 12.00, '2024-05-13 20:59:20', 'Process', 'Silver', 'DR00015'),
('b00385', 11, 3, 12.00, '2024-05-13 21:00:00', 'Process', 'loss', 'DR00015'),
('b00386', 11, 4, 12.00, '2024-05-13 21:01:23', 'Process', 'Goldwin', 'DR00015'),
('b00387', 11, 3, 23.00, '2024-05-13 21:02:16', 'Process', 'loss', 'DR00015'),
('b00388', 12, 1, 10.00, '2024-05-14 09:19:21', 'Process', 'loss', 'DR00015'),
('b00389', 11, 9, 17.00, '2024-05-14 08:21:01', 'Process', 'Silver', 'DR00015'),
('b00390', 19, 2, 15.00, '2024-05-14 08:21:01', 'Process', 'Silver', 'DR00015'),
('b00391', 16, 2, 14.00, '2024-05-14 08:21:01', 'Process', 'Silver', 'DR00015'),
('b00392', 12, 9, 18.00, '2024-05-14 08:21:01', 'Process', 'Silver', 'DR00015'),
('b00393', 14, 7, 14.00, '2024-05-14 08:21:01', 'Process', 'Silver', 'DR00015'),
('b00394', 13, 4, 14.00, '2024-05-14 08:21:01', 'Process', 'Goldwin', 'DR00015'),
('b00395', 13, 6, 13.00, '2024-05-14 08:21:01', 'Process', 'loss', 'DR00015'),
('b00396', 19, 2, 15.00, '2024-05-14 08:21:01', 'Process', 'Silver', 'DR00015'),
('b00397', 14, 5, 10.00, '2024-05-14 08:21:01', 'Process', 'Goldwin', 'DR00015'),
('b00398', 14, 1, 15.00, '2024-05-14 08:21:01', 'Process', 'loss', 'DR00015'),
('b00399', 13, 4, 10.00, '2024-05-14 08:21:01', 'Process', 'Goldwin', 'DR00015'),
('b00400', 11, 9, 17.00, '2024-05-14 08:21:01', 'Process', 'Silver', 'DR00015'),
('b00401', 14, 4, 14.00, '2024-05-14 08:21:01', 'Process', 'Goldwin', 'DR00015'),
('b00402', 17, 8, 13.00, '2024-05-14 08:21:01', 'Process', 'loss', 'DR00015'),
('b00403', 15, 6, 20.00, '2024-05-14 08:21:01', 'Process', 'loss', 'DR00015'),
('b00404', 19, 3, 18.00, '2024-05-14 08:21:01', 'Process', 'loss', 'DR00015'),
('b00405', 16, 6, 13.00, '2024-05-14 08:21:01', 'Process', 'loss', 'DR00015'),
('b00406', 14, 0, 17.00, '2024-05-14 08:21:01', 'Process', 'Silver', 'DR00015'),
('b00407', 19, 8, 15.00, '2024-05-14 08:21:01', 'Process', 'loss', 'DR00015'),
('b00408', 17, 9, 18.00, '2024-05-14 08:21:01', 'Process', 'Silver', 'DR00015'),
('b00409', 13, 8, 16.00, '2024-05-14 08:21:01', 'Process', 'loss', 'DR00015'),
('b00410', 16, 5, 19.00, '2024-05-14 08:21:01', 'Process', 'Goldwin', 'DR00015'),
('b00411', 19, 4, 12.00, '2024-05-14 08:21:01', 'Process', 'Goldwin', 'DR00015'),
('b00412', 17, 3, 10.00, '2024-05-14 08:21:01', 'Process', 'loss', 'DR00015'),
('b00413', 17, 1, 16.00, '2024-05-14 08:21:01', 'Process', 'loss', 'DR00015'),
('b00414', 15, 8, 19.00, '2024-05-14 08:21:01', 'Process', 'loss', 'DR00015'),
('b00415', 12, 8, 15.00, '2024-05-14 08:21:01', 'Process', 'loss', 'DR00015'),
('b00416', 16, 2, 14.00, '2024-05-14 08:21:01', 'Process', 'Silver', 'DR00015'),
('b00417', 13, 4, 20.00, '2024-05-14 08:21:01', 'Process', 'Goldwin', 'DR00015'),
('b00418', 18, 7, 19.00, '2024-05-14 08:21:01', 'Process', 'Silver', 'DR00015'),
('b00419', 36, 4, 10.00, '2024-05-17 08:32:22', 'Process', 'Goldwin', 'DR00015'),
('b00420', 36, 7, 10.00, '2024-05-17 08:36:10', 'Process', 'Silver', 'DR00015'),
('b00421', 36, 6, 12.00, '2024-05-17 08:37:40', 'Process', 'loss', 'DR00015'),
('b00422', 36, 8, 10.00, '2024-05-17 08:43:29', 'Process', 'loss', 'DR00015'),
('b00423', 36, 7, 12.00, '2024-05-17 08:51:52', 'Process', 'Silver', 'DR00015'),
('b00424', 36, 7, 12.00, '2024-05-17 09:28:28', 'Process', 'Silver', 'DR00015'),
('b00425', 36, 7, 10.00, '2024-05-17 09:39:02', 'Process', 'Silver', 'DR00015'),
('b00426', 36, 7, 21.00, '2024-05-17 09:48:31', 'Process', 'Silver', 'DR00015'),
('b00427', 18, 5, 15.00, '2024-05-17 08:48:56', 'Process', 'Goldwin', 'DR00015'),
('b00428', 15, 9, 12.00, '2024-05-17 08:48:56', 'Process', 'Silver', 'DR00015'),
('b00429', 13, 2, 20.00, '2024-05-17 08:48:56', 'Process', 'Silver', 'DR00015'),
('b00430', 17, 6, 20.00, '2024-05-17 08:48:56', 'Process', 'loss', 'DR00015'),
('b00431', 13, 9, 19.00, '2024-05-17 08:48:56', 'Process', 'Silver', 'DR00015'),
('b00432', 15, 4, 14.00, '2024-05-17 08:48:56', 'Process', 'Goldwin', 'DR00015'),
('b00433', 13, 8, 19.00, '2024-05-17 08:48:56', 'Process', 'loss', 'DR00015'),
('b00434', 14, 5, 19.00, '2024-05-17 08:48:56', 'Process', 'Goldwin', 'DR00015'),
('b00435', 14, 9, 14.00, '2024-05-17 08:48:56', 'Process', 'Silver', 'DR00015'),
('b00436', 12, 9, 13.00, '2024-05-17 08:48:56', 'Process', 'Silver', 'DR00015'),
('b00437', 16, 0, 11.00, '2024-05-17 08:48:56', 'Process', 'Silver', 'DR00015'),
('b00438', 19, 0, 18.00, '2024-05-17 08:48:56', 'Process', 'Silver', 'DR00015'),
('b00439', 14, 7, 15.00, '2024-05-17 08:48:56', 'Process', 'Silver', 'DR00015'),
('b00440', 15, 8, 15.00, '2024-05-17 08:48:56', 'Process', 'loss', 'DR00015'),
('b00441', 16, 7, 11.00, '2024-05-17 08:48:56', 'Process', 'Silver', 'DR00015'),
('b00442', 13, 7, 15.00, '2024-05-17 08:48:56', 'Process', 'Silver', 'DR00015'),
('b00443', 12, 3, 20.00, '2024-05-17 08:48:56', 'Process', 'loss', 'DR00015'),
('b00444', 14, 1, 13.00, '2024-05-17 08:48:56', 'Process', 'loss', 'DR00015'),
('b00445', 15, 9, 12.00, '2024-05-17 08:48:56', 'Process', 'Silver', 'DR00015'),
('b00446', 13, 0, 17.00, '2024-05-17 08:48:56', 'Process', 'Silver', 'DR00015'),
('b00447', 18, 3, 18.00, '2024-05-17 08:48:56', 'Process', 'loss', 'DR00015'),
('b00448', 18, 9, 10.00, '2024-05-17 08:48:56', 'Process', 'Silver', 'DR00015'),
('b00449', 15, 1, 15.00, '2024-05-17 08:48:56', 'Process', 'loss', 'DR00015'),
('b00450', 13, 7, 14.00, '2024-05-17 08:48:56', 'Process', 'Silver', 'DR00015'),
('b00451', 17, 3, 11.00, '2024-05-17 08:48:56', 'Process', 'loss', 'DR00015'),
('b00452', 13, 7, 17.00, '2024-05-17 08:48:56', 'Process', 'Silver', 'DR00015'),
('b00453', 18, 2, 14.00, '2024-05-17 08:48:56', 'Process', 'Silver', 'DR00015'),
('b00454', 13, 5, 13.00, '2024-05-17 08:48:56', 'Process', 'Goldwin', 'DR00015'),
('b00455', 19, 5, 16.00, '2024-05-17 08:48:56', 'Process', 'Goldwin', 'DR00015'),
('b00456', 16, 3, 18.00, '2024-05-17 08:48:56', 'Process', 'loss', 'DR00015'),
('b00457', 15, 7, 10.00, '2024-05-17 09:52:10', 'Process', 'Silver', 'DR00015'),
('b00458', 15, 7, 12.00, '2024-05-17 09:57:48', 'Process', 'Silver', 'DR00015'),
('b00459', 11, 6, 78.00, '2024-05-17 18:00:52', 'Process', 'loss', 'DR00015'),
('b00460', 11, 8, 11.00, '2024-05-17 18:10:35', 'Process', 'loss', 'DR00015'),
('b00461', 11, 7, 10.00, '2024-05-17 18:12:24', 'Process', 'Silver', 'DR00015'),
('b00462', 11, 7, 50.00, '2024-05-17 18:16:16', 'Process', 'Silver', 'DR00015'),
('b00463', 11, 7, 10.00, '2024-05-17 18:19:18', 'Process', 'Silver', 'DR00015'),
('b00464', 11, 7, 10.00, '2024-05-17 19:09:43', 'Process', 'Silver', 'DR00015'),
('b00465', 11, 7, 10.00, '2024-05-17 19:11:43', 'Process', 'Silver', 'DR00015'),
('b00466', 11, 6, 54.00, '2024-05-17 19:19:35', 'Process', 'loss', 'DR00015'),
('b00467', 16, 6, 10.00, '2024-05-18 13:40:24', 'Process', 'loss', 'DR00015'),
('b00468', 16, 1, 10.00, '2024-05-18 13:40:40', 'Process', 'loss', 'DR00015'),
('b00469', 16, 7, 10.00, '2024-05-18 13:40:51', 'Process', 'Silver', 'DR00015'),
('b00470', 16, 8, 10.00, '2024-05-18 13:41:05', 'Process', 'loss', 'DR00015'),
('b00471', 16, 7, 10.00, '2024-05-18 14:03:22', 'Process', 'Silver', 'DR00015'),
('b00472', 16, 7, 10.00, '2024-05-18 14:03:29', 'Process', 'Silver', 'DR00015'),
('b00473', 16, 7, 10.00, '2024-05-18 14:03:37', 'Process', 'Silver', 'DR00015'),
('b00474', 16, 7, 10.00, '2024-05-18 14:03:42', 'Process', 'Silver', 'DR00015'),
('b00475', 16, 7, 10.00, '2024-05-18 14:03:45', 'Process', 'Silver', 'DR00015'),
('b00476', 16, 7, 10.00, '2024-05-18 14:03:50', 'Process', 'Silver', 'DR00015'),
('b00477', 16, 7, 1000.00, '2024-05-18 14:04:12', 'Process', 'Silver', 'DR00015'),
('b00478', 16, 8, 100.00, '2024-05-18 14:04:26', 'Process', 'loss', 'DR00015'),
('b00479', 16, 8, 100.00, '2024-05-18 14:04:32', 'Process', 'loss', 'DR00015'),
('b00480', 16, 7, 100.00, '2024-05-18 14:04:54', 'Process', 'Silver', 'DR00015'),
('b00481', 15, 1, 18.00, '2024-05-18 13:05:33', 'Process', 'loss', 'DR00015'),
('b00482', 13, 3, 10.00, '2024-05-18 13:05:33', 'Process', 'loss', 'DR00015'),
('b00483', 18, 5, 20.00, '2024-05-18 13:05:33', 'Process', 'Goldwin', 'DR00015'),
('b00484', 19, 2, 18.00, '2024-05-18 13:05:33', 'Process', 'Silver', 'DR00015'),
('b00485', 18, 7, 10.00, '2024-05-18 13:05:33', 'Process', 'Silver', 'DR00015'),
('b00486', 13, 6, 10.00, '2024-05-18 13:05:33', 'Process', 'loss', 'DR00015'),
('b00487', 19, 2, 11.00, '2024-05-18 13:05:33', 'Process', 'Silver', 'DR00015'),
('b00488', 14, 1, 10.00, '2024-05-18 13:05:33', 'Process', 'loss', 'DR00015'),
('b00489', 18, 1, 10.00, '2024-05-18 13:05:33', 'Process', 'loss', 'DR00015'),
('b00490', 14, 5, 16.00, '2024-05-18 13:05:33', 'Process', 'Goldwin', 'DR00015'),
('b00491', 11, 0, 17.00, '2024-05-18 13:05:33', 'Process', 'Silver', 'DR00015'),
('b00492', 18, 9, 15.00, '2024-05-18 13:05:33', 'Process', 'Silver', 'DR00015'),
('b00493', 17, 2, 13.00, '2024-05-18 13:05:33', 'Process', 'Silver', 'DR00015'),
('b00494', 19, 0, 16.00, '2024-05-18 13:05:33', 'Process', 'Silver', 'DR00015'),
('b00495', 15, 5, 11.00, '2024-05-18 13:05:33', 'Process', 'Goldwin', 'DR00015'),
('b00496', 18, 3, 19.00, '2024-05-18 13:05:33', 'Process', 'loss', 'DR00015'),
('b00497', 12, 6, 13.00, '2024-05-18 13:05:33', 'Process', 'loss', 'DR00015'),
('b00498', 18, 9, 17.00, '2024-05-18 13:05:33', 'Process', 'Silver', 'DR00015'),
('b00499', 16, 4, 15.00, '2024-05-18 13:05:33', 'Process', 'Goldwin', 'DR00015'),
('b00500', 14, 2, 19.00, '2024-05-18 13:05:33', 'Process', 'Silver', 'DR00015'),
('b00501', 15, 3, 14.00, '2024-05-18 13:05:33', 'Process', 'loss', 'DR00015'),
('b00502', 16, 2, 15.00, '2024-05-18 13:05:33', 'Process', 'Silver', 'DR00015'),
('b00503', 15, 6, 20.00, '2024-05-18 13:05:33', 'Process', 'loss', 'DR00015'),
('b00504', 16, 5, 17.00, '2024-05-18 13:05:33', 'Process', 'Goldwin', 'DR00015'),
('b00505', 19, 4, 13.00, '2024-05-18 13:05:33', 'Process', 'Goldwin', 'DR00015'),
('b00506', 14, 6, 10.00, '2024-05-18 13:05:33', 'Process', 'loss', 'DR00015'),
('b00507', 15, 9, 20.00, '2024-05-18 13:05:33', 'Process', 'Silver', 'DR00015'),
('b00508', 15, 5, 17.00, '2024-05-18 13:05:33', 'Process', 'Goldwin', 'DR00015'),
('b00509', 11, 6, 10.00, '2024-05-18 13:05:33', 'Process', 'loss', 'DR00015'),
('b00510', 15, 0, 12.00, '2024-05-18 13:05:33', 'Process', 'Silver', 'DR00015'),
('b00511', 16, 2, 10.00, '2024-05-18 14:30:11', 'Process', 'Silver', 'DR00015'),
('b00512', 16, 2, 100.00, '2024-05-18 14:30:23', 'Process', 'Silver', 'DR00015'),
('b00513', 16, 2, 100.00, '2024-05-18 14:33:16', 'Process', 'Silver', 'DR00015'),
('b00514', 16, 2, 100.00, '2024-05-18 14:34:08', 'Process', 'Silver', 'DR00015'),
('b00515', 16, 7, 100.00, '2024-05-18 14:35:40', 'Process', 'loss', 'DR00015'),
('b00516', 16, 2, 12.00, '2024-05-18 14:36:02', 'Process', 'Silver', 'DR00015'),
('b00517', 16, 4, 10.00, '2024-05-18 16:37:16', 'Process', 'Goldwin', 'DR00016'),
('b00518', 16, 2, 10.00, '2024-05-18 16:52:51', 'Process', 'Silver', 'DR00017'),
('b00519', 16, 6, 10.00, '2024-05-18 16:53:10', 'Process', 'loss', 'DR00017'),
('b00520', 16, 1, 10.00, '2024-05-18 16:53:27', 'Process', 'loss', 'DR00017'),
('b00521', 16, 7, 10.00, '2024-05-18 16:53:38', 'Process', 'loss', 'DR00017'),
('b00522', 11, 7, 11.00, '2024-05-18 15:53:54', 'Process', 'loss', 'DR00017'),
('b00523', 19, 3, 14.00, '2024-05-18 15:53:54', 'Process', 'loss', 'DR00017'),
('b00524', 16, 0, 16.00, '2024-05-18 15:53:54', 'Process', 'Silver', 'DR00017'),
('b00525', 13, 1, 15.00, '2024-05-18 15:53:54', 'Process', 'loss', 'DR00017'),
('b00526', 16, 7, 13.00, '2024-05-18 15:53:54', 'Process', 'loss', 'DR00017'),
('b00527', 15, 8, 17.00, '2024-05-18 15:53:54', 'Process', 'loss', 'DR00017'),
('b00528', 19, 5, 12.00, '2024-05-18 15:53:54', 'Process', 'loss', 'DR00017'),
('b00529', 12, 3, 18.00, '2024-05-18 15:53:54', 'Process', 'loss', 'DR00017'),
('b00530', 18, 6, 14.00, '2024-05-18 15:53:54', 'Process', 'loss', 'DR00017'),
('b00531', 16, 4, 16.00, '2024-05-18 15:53:54', 'Process', 'Goldwin', 'DR00017'),
('b00532', 13, 0, 19.00, '2024-05-18 15:53:54', 'Process', 'Silver', 'DR00017'),
('b00533', 13, 5, 14.00, '2024-05-18 15:53:54', 'Process', 'loss', 'DR00017'),
('b00534', 13, 0, 19.00, '2024-05-18 15:53:54', 'Process', 'Silver', 'DR00017'),
('b00535', 19, 6, 19.00, '2024-05-18 15:53:54', 'Process', 'loss', 'DR00017'),
('b00536', 13, 9, 17.00, '2024-05-18 15:53:54', 'Process', 'loss', 'DR00017'),
('b00537', 17, 4, 18.00, '2024-05-18 15:53:54', 'Process', 'Goldwin', 'DR00017'),
('b00538', 16, 1, 12.00, '2024-05-18 15:53:54', 'Process', 'loss', 'DR00017'),
('b00539', 12, 7, 14.00, '2024-05-18 15:53:54', 'Process', 'loss', 'DR00017'),
('b00540', 15, 6, 16.00, '2024-05-18 15:53:54', 'Process', 'loss', 'DR00017'),
('b00541', 14, 3, 18.00, '2024-05-18 15:53:54', 'Process', 'loss', 'DR00017'),
('b00542', 19, 7, 18.00, '2024-05-18 15:53:54', 'Process', 'loss', 'DR00017'),
('b00543', 15, 3, 14.00, '2024-05-18 15:53:54', 'Process', 'loss', 'DR00017'),
('b00544', 13, 3, 18.00, '2024-05-18 15:53:54', 'Process', 'loss', 'DR00017'),
('b00545', 19, 3, 16.00, '2024-05-18 15:53:54', 'Process', 'loss', 'DR00017'),
('b00546', 16, 7, 20.00, '2024-05-18 15:53:54', 'Process', 'loss', 'DR00017'),
('b00547', 13, 4, 10.00, '2024-05-18 15:53:54', 'Process', 'Goldwin', 'DR00017'),
('b00548', 11, 8, 12.00, '2024-05-18 15:53:54', 'Process', 'loss', 'DR00017'),
('b00549', 11, 3, 18.00, '2024-05-18 15:53:54', 'Process', 'loss', 'DR00017'),
('b00550', 19, 8, 20.00, '2024-05-18 15:53:54', 'Process', 'loss', 'DR00017'),
('b00551', 17, 9, 16.00, '2024-05-18 15:53:54', 'Process', 'loss', 'DR00017'),
('b00552', 16, 2, 100.00, '2024-05-18 18:14:28', 'Pending', 'notproccess', 'DR00018'),
('b00553', 16, 2, 10.00, '2024-05-18 19:31:52', 'Pending', 'notproccess', 'DR00018'),
('b00554', 16, 1, 10.00, '2024-05-18 19:32:01', 'Pending', 'notproccess', 'DR00018'),
('b00555', 16, 3, 19.00, '2024-05-18 19:34:01', 'Pending', 'notproccess', 'DR00018'),
('b00556', 16, 3, 10.00, '2024-05-18 19:37:09', 'Pending', 'notproccess', 'DR00018'),
('b00557', 16, 3, 10.00, '2024-05-18 19:39:36', 'Pending', 'notproccess', 'DR00018'),
('b00558', 11, 6, 23.00, '2024-05-19 06:59:53', 'Pending', 'notproccess', 'DR00018'),
('b00559', 36, 7, 19.00, '2024-05-19 09:53:43', 'Pending', 'notproccess', 'DR00018'),
('b00560', 21, 1, 10.00, '2024-05-19 10:01:59', 'Pending', 'notproccess', 'DR00018'),
('b00561', 11, 1, 11.00, '2024-05-20 10:44:45', 'Pending', 'notproccess', 'DR00018'),
('b00562', 11, 3, 12.00, '2024-05-20 10:44:56', 'Pending', 'notproccess', 'DR00018'),
('b00563', 11, 3, 10.00, '2024-05-20 10:45:09', 'Pending', 'notproccess', 'DR00018');

--
-- Triggers `betting`
--
DELIMITER $$
CREATE TRIGGER `before_betting_insert` BEFORE INSERT ON `betting` FOR EACH ROW BEGIN
    DECLARE next_id INT;
    DECLARE padded_id VARCHAR(10);
    
    SELECT IFNULL(MAX(CAST(SUBSTRING(betting_id, 2) AS UNSIGNED)), 0) + 1 INTO next_id FROM betting;
    
    SET padded_id = LPAD(next_id, 5, '0');
    SET NEW.betting_id = CONCAT('b', padded_id);
END
$$
DELIMITER ;

-- --------------------------------------------------------

--
-- Table structure for table `deposit`
--

CREATE TABLE `deposit` (
  `deposit_id` varchar(10) DEFAULT NULL,
  `user_id` int(11) DEFAULT NULL,
  `amount` decimal(10,2) DEFAULT NULL,
  `deposit_code` varchar(20) DEFAULT NULL,
  `date_of_deposit` date DEFAULT NULL,
  `phone_number` varchar(20) NOT NULL
) ENGINE=InnoDB DEFAULT CHARSET=utf8mb4 COLLATE=utf8mb4_general_ci;

--
-- Dumping data for table `deposit`
--

INSERT INTO `deposit` (`deposit_id`, `user_id`, `amount`, `deposit_code`, `date_of_deposit`, `phone_number`) VALUES
('D001', 1, 100.00, 'CODE001', '2022-10-15', ''),
('D002', 2, 150.50, 'CODE002', '2022-10-16', ''),
('D003', 11, 100.00, 'LKWDU65742', '2024-05-04', '2540111446888'),
('D004', 11, 100.00, 'LKWDU32890PRX', '2024-05-04', '2540111446888'),
('D005', 11, 100.00, 'LKWDU65598PRX', '2024-05-04', '2540111446888'),
('D006', 11, 199.00, 'LKWDU93917PRX', '2024-05-04', '2540111446888'),
('D007', 11, 3.00, 'LKWDU26339PRX', '2024-05-04', '2540111446888'),
('D008', 11, 100.00, 'LKWDU70133PRX', '2024-05-04', '2540111446888'),
('D009', 11, 100.00, 'LKWDU51887PRX', '2024-05-04', '2540111446888'),
('D010', 11, 100.00, 'LKWDU98037PRX', '2024-05-06', '2540111446888'),
('D011', 11, 100.00, 'LKWDU89446PRX', '2024-05-06', '2540111446888'),
('D012', 24, 100.00, 'LKWDU86346PRX', '2024-05-06', '2540721500760'),
('D013', 11, 100.00, 'LKWDU18648PRX', '2024-05-08', '2540111446888'),
('D014', 11, 100.00, 'LKWDU10746PRX', '2024-05-08', '2540111446888'),
('D015', 36, 10.00, 'LKWDU55147PRX', '2024-05-08', '254111446888');

--
-- Triggers `deposit`
--
DELIMITER $$
CREATE TRIGGER `set_initial_deposit_id` BEFORE INSERT ON `deposit` FOR EACH ROW BEGIN
    DECLARE next_val INT;
    
    SELECT IFNULL(MAX(CAST(SUBSTRING(deposit_id, 2) AS UNSIGNED)), 0) + 1 INTO next_val FROM deposit;
    
    IF next_val = 1 THEN
        SET NEW.deposit_id = 'D001';
    ELSE
        SET NEW.deposit_id = CONCAT('D', LPAD(next_val, 3, '0'));
    END IF;
    
END
$$
DELIMITER ;

-- --------------------------------------------------------

--
-- Table structure for table `draws`
--

CREATE TABLE `draws` (
  `draw_id` varchar(10) NOT NULL,
  `lucky_number` int(11) DEFAULT NULL,
  `old_even` varchar(5) DEFAULT NULL,
  `big_small` varchar(5) DEFAULT NULL,
  `date` timestamp NOT NULL DEFAULT current_timestamp() ON UPDATE current_timestamp(),
  `amount_placed` decimal(10,0) NOT NULL,
  `Profit` decimal(10,0) NOT NULL
) ENGINE=InnoDB DEFAULT CHARSET=utf8mb4 COLLATE=utf8mb4_general_ci;

--
-- Dumping data for table `draws`
--

INSERT INTO `draws` (`draw_id`, `lucky_number`, `old_even`, `big_small`, `date`, `amount_placed`, `Profit`) VALUES
('DR00001', 8, 'even', 'big', '2024-05-12 22:47:12', 936, 665),
('DR00002', 9, 'odd', 'big', '2024-05-13 08:10:04', 475, 340),
('DR00003', 0, 'even', 'small', '2024-05-13 08:10:27', 426, 91),
('DR00004', 9, 'odd', 'big', '2024-05-13 08:10:30', 425, 153),
('DR00005', 1, 'odd', 'small', '2024-05-13 08:10:32', 442, 179),
('DR00006', 7, 'odd', 'big', '2024-05-13 08:20:33', 400, 290),
('DR00007', 7, 'odd', 'big', '2024-05-13 08:43:13', 400, 290),
('DR00008', 0, 'even', 'small', '2024-05-13 10:01:09', 0, 0),
('DR00009', 2, 'even', 'small', '2024-05-13 17:07:59', 544, 302),
('DR00010', 4, 'even', 'small', '2024-05-13 17:09:00', 450, 105),
('DR00011', 9, 'odd', 'big', '2024-05-13 18:40:48', 1393, 936),
('DR00012', 9, 'odd', 'big', '2024-05-13 19:02:38', 1821, 933),
('DR00013', 9, 'odd', 'big', '2024-05-14 09:21:01', 707, 394),
('DR00014', 0, 'even', 'small', '2024-05-17 09:48:56', 555, 330),
('DR00015', 5, 'odd', 'big', '2024-05-18 16:14:13', 2091, 329),
('DR00016', 3, 'odd', 'small', '2024-05-18 16:45:11', 432, 432),
('DR00017', 4, 'even', 'small', '2024-05-18 16:53:54', 514, 290);

--
-- Triggers `draws`
--
DELIMITER $$
CREATE TRIGGER `derive_old_even_big_small` BEFORE INSERT ON `draws` FOR EACH ROW BEGIN
    IF NEW.lucky_number % 2 = 0 THEN
        SET NEW.old_even = 'even';
    ELSE
        SET NEW.old_even = 'odd';
    END IF;

    IF NEW.lucky_number BETWEEN 0 AND 4 THEN
        SET NEW.big_small = 'small';
    ELSE
        SET NEW.big_small = 'big';
    END IF;
END
$$
DELIMITER ;
DELIMITER $$
CREATE TRIGGER `generate_draw_id` BEFORE INSERT ON `draws` FOR EACH ROW BEGIN
    DECLARE latest_id INT;
    SET latest_id = COALESCE((SELECT CAST(SUBSTRING(draw_id, 3) AS UNSIGNED) FROM draws ORDER BY draw_id DESC LIMIT 1), 0);
    SET NEW.draw_id = CONCAT('DR', LPAD((latest_id + 1), 5, '0'));
END
$$
DELIMITER ;

-- --------------------------------------------------------

--
-- Table structure for table `users`
--

CREATE TABLE `users` (
  `user_id` int(11) NOT NULL,
  `username` varchar(50) NOT NULL,
  `first_name` varchar(50) NOT NULL,
  `last_name` varchar(50) NOT NULL,
  `user_email` varchar(100) NOT NULL,
  `phone_number` varchar(20) DEFAULT NULL,
  `password` varchar(100) NOT NULL,
  `users_type` varchar(10) NOT NULL
) ENGINE=InnoDB DEFAULT CHARSET=utf8mb4 COLLATE=utf8mb4_general_ci;

--
-- Dumping data for table `users`
--

INSERT INTO `users` (`user_id`, `username`, `first_name`, `last_name`, `user_email`, `phone_number`, `password`, `users_type`) VALUES
(11, 'AMOH', 'AMOS', 'NJOROGE', 'AMOS@GMAIL.COM', '0111446888', '1111', 'user'),
(12, 'Jane', 'Jane', 'Wairimu', 'janewairish@gmail.com', '0111446888', '1111', 'user'),
(13, 'user1', 'John', 'Doe', 'user1@example.com', '1234567890', 'password1', 'user'),
(14, 'user2', 'Jane', 'Smith', 'user2@example.com', '0987654321', 'password2', 'user'),
(15, 'user3', 'Michael', 'Johnson', 'user3@example.com', '1357924680', 'password3', 'user'),
(16, 'user4', 'Emily', 'Brown', 'user4@example.com', '2468013579', 'password4', 'user'),
(17, 'user5', 'David', 'Williams', 'user5@example.com', '9876543210', 'password5', 'user'),
(18, 'user6', 'Sarah', 'Jones', 'user6@example.com', '0123456789', 'password6', 'user'),
(19, 'user7', 'Chris', 'Martinez', 'user7@example.com', '9870123456', 'password7', 'user'),
(20, 'user8', 'Jessica', 'Garcia', 'user8@example.com', '5678901234', 'password8', 'user'),
(21, 'user9', 'Matthew', 'Hernandez', 'user9@example.com', '3210987654', 'password9', 'user'),
(22, 'user10', 'Amanda', 'Lopez', 'user10@example.com', '6543210987', 'password10', 'user'),
(36, 'faith', 'faith', 'wangai', 'faithwangai@gmail.com', '0748192929', '0748192929', 'user'),
(37, 'kyle2030', 'kyle', 'John', 'johnkiarie032@gmail.com', '75647635', '@', 'user'),
(38, 'wangai', 'wangai', 'wangai', 'wangai@gmail.com', '0111446888', '1111', 'user'),
(39, 'johnkungu', 'john', 'kungu', 'johnkush051@gmail.com', '0769693428', 'John@1212', 'user'),
(40, 'skuria142', 'Samuel', 'Kuria', 'skuria142@gmail.com', '0705579969', 'Pass', 'user'),
(41, 'simooo', 'Simon', 'Njenga ', 'simonthiongo111@gmail.com', '0758357418', 'Thiongo1', 'user');

--
-- Triggers `users`
--
DELIMITER $$
CREATE TRIGGER `after_user_register` AFTER INSERT ON `users` FOR EACH ROW BEGIN
    INSERT INTO accounts (user_id, amount, deposit_id, date_of_deposit)
    VALUES (NEW.user_id, 0, 0, NOW());
END
$$
DELIMITER ;

-- --------------------------------------------------------

--
-- Table structure for table `user_message`
--

CREATE TABLE `user_message` (
  `message_id` varchar(4) NOT NULL,
  `email` varchar(255) DEFAULT NULL,
  `subject` varchar(255) DEFAULT NULL,
  `message` text DEFAULT NULL,
  `message_time` timestamp NOT NULL DEFAULT current_timestamp()
) ENGINE=InnoDB DEFAULT CHARSET=utf8mb4 COLLATE=utf8mb4_general_ci;

--
-- Dumping data for table `user_message`
--

INSERT INTO `user_message` (`message_id`, `email`, `subject`, `message`, `message_time`) VALUES
('M001', 'user1@example.com', 'Hello', 'This is the first message.', '2024-04-17 08:42:30'),
('M002', 'user2@example.com', 'Greetings', 'This is the second message.', '2024-04-17 08:42:30'),
('M003', 'user3@example.com', 'Hi there', 'This is the third message.', '2024-04-17 08:42:30'),
('M004', 'user4@example.com', 'Hey', 'This is the fourth message.', '2024-04-17 08:42:30');

--
-- Triggers `user_message`
--
DELIMITER $$
CREATE TRIGGER `before_insert_user_message` BEFORE INSERT ON `user_message` FOR EACH ROW BEGIN
    DECLARE next_id VARCHAR(4);
    DECLARE next_val INT;
    SET next_val = (
        SELECT COALESCE(MAX(CAST(SUBSTRING(message_id, 2) AS UNSIGNED)), 0) + 1
        FROM user_message
    );
    SET next_id = CONCAT('M', LPAD(next_val, 3, '0'));
    SET NEW.message_id = next_id;
END
$$
DELIMITER ;

-- --------------------------------------------------------

--
-- Table structure for table `withdraw`
--

CREATE TABLE `withdraw` (
  `withdraw_id` varchar(5) NOT NULL,
  `user_id` int(11) DEFAULT NULL,
  `amount` decimal(10,2) DEFAULT NULL,
  `withdraw_code` varchar(20) DEFAULT NULL,
  `date_of_withdraw` date DEFAULT NULL,
  `phone_number` varchar(20) NOT NULL
) ENGINE=InnoDB DEFAULT CHARSET=utf8mb4 COLLATE=utf8mb4_general_ci;

--
-- Dumping data for table `withdraw`
--

INSERT INTO `withdraw` (`withdraw_id`, `user_id`, `amount`, `withdraw_code`, `date_of_withdraw`, `phone_number`) VALUES
('W001', 11, 100.00, 'WTH77818DRW', '2024-05-04', '2540111446888'),
('W002', 11, 2.00, 'WTH84619DRW', '2024-05-04', '2540111446888'),
('W003', 11, 1.00, 'WTH19561DRW', '2024-05-04', '2540111446888'),
('W004', 11, 2.00, 'WTH54041DRW', '2024-05-04', '2540111446888'),
('W005', 11, 2.00, 'WTH78628DRW', '2024-05-04', '2540111446888'),
('W006', 11, 3.00, 'WTH83548DRW', '2024-05-04', '2540111446888'),
('W007', 11, 100.00, 'WTH63468DRW', '2024-05-04', '254111446888'),
('W008', 11, 100.00, 'WTH84449DRW', '2024-05-08', '2540111446888'),
('W009', 11, 100.00, 'WTH66655DRW', '2024-05-08', '2540111446888'),
('W010', 11, 100.00, 'WTH87355DRW', '2024-05-08', '2540111446888'),
('W011', 11, 100.00, 'WTH85790DRW', '2024-05-11', '254');

--
-- Triggers `withdraw`
--
DELIMITER $$
CREATE TRIGGER `set_initial_withdraw1_id` BEFORE INSERT ON `withdraw` FOR EACH ROW BEGIN
    DECLARE next_val INT;
    
    SELECT IFNULL(MAX(CAST(SUBSTRING(withdraw_id, 2) AS UNSIGNED)), 0) + 1 INTO next_val FROM withdraw;
    
    IF next_val = 1 THEN
        SET NEW.withdraw_id = CONCAT('W', LPAD(next_val, 3, '0'));
    ELSE
        SET NEW.withdraw_id = CONCAT('W', LPAD(next_val, 3, '0'));
    END IF;
    
END
$$
DELIMITER ;

--
-- Indexes for dumped tables
--

--
-- Indexes for table `accounts`
--
ALTER TABLE `accounts`
  ADD PRIMARY KEY (`account_id`),
  ADD KEY `user_id` (`user_id`);

--
-- Indexes for table `betting`
--
ALTER TABLE `betting`
  ADD PRIMARY KEY (`betting_id`);

--
-- Indexes for table `draws`
--
ALTER TABLE `draws`
  ADD PRIMARY KEY (`draw_id`);

--
-- Indexes for table `users`
--
ALTER TABLE `users`
  ADD PRIMARY KEY (`user_id`);

--
-- Indexes for table `user_message`
--
ALTER TABLE `user_message`
  ADD PRIMARY KEY (`message_id`);

--
-- Indexes for table `withdraw`
--
ALTER TABLE `withdraw`
  ADD PRIMARY KEY (`withdraw_id`);

--
-- AUTO_INCREMENT for dumped tables
--

--
-- AUTO_INCREMENT for table `accounts`
--
ALTER TABLE `accounts`
  MODIFY `account_id` int(11) NOT NULL AUTO_INCREMENT, AUTO_INCREMENT=2041;

--
-- AUTO_INCREMENT for table `users`
--
ALTER TABLE `users`
  MODIFY `user_id` int(11) NOT NULL AUTO_INCREMENT, AUTO_INCREMENT=42;

--
-- Constraints for dumped tables
--

--
-- Constraints for table `accounts`
--
ALTER TABLE `accounts`
  ADD CONSTRAINT `accounts_ibfk_1` FOREIGN KEY (`user_id`) REFERENCES `users` (`user_id`);
COMMIT;

/*!40101 SET CHARACTER_SET_CLIENT=@OLD_CHARACTER_SET_CLIENT */;
/*!40101 SET CHARACTER_SET_RESULTS=@OLD_CHARACTER_SET_RESULTS */;
/*!40101 SET COLLATION_CONNECTION=@OLD_COLLATION_CONNECTION */;
